TIMESTAMP,TEMPERATURE,PRESSURE,HUMIDITY,TIME_DIFF,TEMP_CHANGE,PRESSURE_CHANGE,HUMIDITY_CHANGE,TEMP_RANGE_FLAG,PRESSURE_RANGE_FLAG,HUMIDITY_RANGE_FLAG,TEMP_RATE_FLAG,PRESSURE_RATE_FLAG,HUMIDITY_RATE_FLAG,PRESSURE_SPIKE_FLAG,HUMIDITY_SPIKE_FLAG,TEMP_PREV,TEMP_NEXT,TEMP_LOCAL_MEDIAN,TEMP_DEVIATION_FROM_LOCAL,TEMP_SPIKE_FLAG,TEMP_FLATLINE_FLAG,PRESSURE_FLATLINE_FLAG,HUMIDITY_FLATLINE_FLAG,GAP_FLAG,QC_FLAG,QC_REASONS,TEMP_ROLLING_MEAN_3H,TEMP_ROLLING_STD_3H,PRESSURE_ROLLING_MEAN_3H,PRESSURE_ROLLING_STD_3H,HUMIDITY_ROLLING_MEAN_3H,HUMIDITY_ROLLING_STD_3H,HOUR,DAY_OF_YEAR,HOUR_SIN,HOUR_COS,DAY_SIN,DAY_COS,IF_ANOMALY,IF_SCORE,IF_PREDICTION,LSTM_ERROR,LSTM_ANOMALY,TEMP_CHANGE_Z,PRESSURE_CHANGE_Z,HUMIDITY_CHANGE_Z,MULTIVARIATE_CHANGE_SCORE,MULTIVARIATE_ANOMALY,QC_EVIDENCE,IF_EVIDENCE,LSTM_EVIDENCE,MULTIVARIATE_EVIDENCE,EVIDENCE_COUNT,FINAL_ANOMALY,FINAL_CLASSIFICATION,EXPLANATION,TEMPERATURE_ANOMALY,PRESSURE_ANOMALY,HUMIDITY_ANOMALY,AFFECTED_PARAMETERS,ESTIMATED_TEMPERATURE,ESTIMATED_PRESSURE,ESTIMATED_HUMIDITY,RECOVERY_METHOD,RECOVERY_PARAMETERS,RECOVERY_AVAILABLE,SENSOR_HEALTH_SCORE,EVIDENCE_CONFIDENCE,ROOT_CAUSE,SEVERITY,MAINTENANCE_STATUS,CONTRIBUTING_CAUSES,PRIMARY_ROOT_CAUSE
2016-09-08 00:00:00,-25.7,956.9,48.0,,,,,False,False,False,False,False,False,False,False,-23.9,-25.9,-25.7,0.0,False,False,False,False,False,False,,,,,,,,0,252,0.0,1.0,-0.9307239310379793,-0.3657225234972692,False,,1,,False,,,,,False,False,False,False,False,0,False,Normal,No significant anomaly evidence detected,False,False,False,None,,,,,None,False,96.23198498243914,0.0,No significant anomaly,Normal,Normal,No Significant Anomaly,No Significant Anomaly
2016-09-08 01:00:00,-25.9,956.0,49.0,0 days 01:00:00,-0.1999999999999993,-0.8999999999999773,1.0,False,False,False,False,False,False,False,False,-25.7,-25.9,-25.9,0.0,False,False,False,False,False,False,,,,,,,,1,252,0.25881904510252074,0.9659258262890683,-0.9307239310379793,-0.3657225234972692,False,,1,,False,-0.020151702286083577,-1.4529086490404295,0.08558097312081765,1.45556646585507,False,False,False,False,False,0,False,Normal,No significant anomaly evidence detected,False,False,False,None,,,,,None,False,96.23198498243914,0.0,No significant anomaly,Normal,Normal,No Significant Anomaly,No Significant Anomaly
2016-09-08 02:00:00,-25.9,955.2,49.0,0 days 01:00:00,0.0,-0.7999999999999545,0.0,False,False,False,False,False,False,False,False,-25.9,-24.9,-25.9,0.0,False,False,False,False,False,False,,-25.833333333333332,0.11547005383792576,956.0333333333333,0.8504900548115611,48.666666666666664,0.5773502691896263,2,252,0.49999999999999994,0.8660254037844387,-0.9307239310379793,-0.3657225234972692,False,0.003462609101795411,1,,False,-0.0010747574552577909,-1.288907831740117,-0.0037756311670948963,1.2889138098473876,False,False,False,False,False,0,False,Normal,No significant anomaly evidence detected,False,False,False,None,,,,,None,False,96.23198498243914,0.0,No significant anomaly,Normal,Normal,No Significant Anomaly,No Significant Anomaly
2016-09-08 03:00:00,-24.9,954.4,38.0,0 days 01:00:00,1.0,-0.8000000000000682,-11.0,False,False,False,False,False,False,False,False,-25.9,-25.9,-25.9,1.0,False,False,False,False,False,False,,-25.566666666666663,0.5773502691896265,955.1999999999999,0.800000000000176,45.333333333333336,6.350852961085884,3,252,0.7071067811865476,0.7071067811865476,-0.9307239310379793,-0.3657225234972692,True,-0.03808451890162978,-1,,False,0.09430996669887148,-1.2889078317403033,-0.9866982783341329,1.6259616419238723,False,False,True,False,False,1,False,Uncertain,Isolation Forest detected an unusual multivariate pattern,False,False,False,None,,,,,None,False,96.23198498243914,25.0,Unusual multivariate pattern,Low,Normal,Unusual Multivariate Pattern,Unusual Multivariate Pattern
2016-09-08 04:00:00,-25.9,953.8,43.0,0 days 01:00:00,-1.0,-0.6000000000000227,5.0,False,False,False,False,False,False,False,False,-24.9,-26.3,-25.9,0.0,False,False,False,False,False,False,,-25.566666666666666,0.5773502691896265,954.4666666666666,0.7023769168571425,43.333333333333336,5.507570547286104,4,252,0.8660254037844386,0.5000000000000001,-0.9307239310379793,-0.3657225234972692,True,-0.025290600894121607,-1,,False,-0.09645948160938707,-0.9609061971396783,0.4430073902724678,1.0624973878225832,False,False,True,False,False,1,False,Uncertain,Isolation Forest detected an unusual multivariate pattern,False,False,False,None,,,,,None,False,96.23198498243914,25.0,Unusual multivariate pattern,Low,Normal,Unusual Multivariate Pattern,Unusual Multivariate Pattern
2016-09-08 05:00:00,-26.3,953.0,45.0,0 days 01:00:00,-0.40000000000000213,-0.7999999999999545,2.0,False,False,False,False,False,False,False,False,-25.9,-27.2,-26.3,0.0,False,False,False,False,False,False,,-25.7,0.7211102550927996,953.7333333333332,0.7023769168571425,42.0,3.605551275463993,5,252,0.9659258262890683,0.25881904510252074,-0.9307239310379793,-0.3657225234972692,True,-0.0172847178048251,-1,,False,-0.03922864711690971,-1.288907831740117,0.1749375774087302,1.3013168105673838,False,False,True,False,False,1,False,Uncertain,Isolation Forest detected an unusual multivariate pattern,False,False,False,None,,,,,None,False,96.23198498243914,25.0,Unusual multivariate pattern,Low,Normal,Unusual Multivariate Pattern,Unusual Multivariate Pattern
2016-09-08 06:00:00,-27.2,952.5,48.0,0 days 01:00:00,-0.8999999999999986,-0.5,3.0,False,False,False,False,False,False,False,False,-26.3,-26.7,-26.7,0.5,False,False,False,False,False,False,,-26.46666666666667,0.6658328118479383,953.1,0.6557438524305862,45.333333333333336,2.516611478423588,6,252,1.0,6.123233995736766e-17,-0.9307239310379793,-0.3657225234972692,True,-0.02880568285518781,-1,,False,-0.08692100919397401,-0.7969053798393657,0.26429418169664276,0.844076335845829,False,False,True,False,False,1,False,Uncertain,Isolation Forest detected an unusual multivariate pattern,False,False,False,None,,,,,None,False,96.23198498243914,25.0,Unusual multivariate pattern,Low,Normal,Unusual Multivariate Pattern,Unusual Multivariate Pattern
2016-09-08 07:00:00,-26.7,952.0,46.0,0 days 01:00:00,0.5,-0.5,-2.0,False,False,False,False,False,False,False,False,-27.2,-26.4,-26.7,0.0,False,False,False,False,False,False,,-26.73333333333333,0.450924975282285,952.5,0.5000000000005581,46.333333333333336,1.5275252316519532,7,252,0.9659258262890683,-0.25881904510252063,-0.9307239310379793,-0.3657225234972692,True,-0.006843742866612601,-1,,False,0.04661760462180684,-0.7969053798393657,-0.18248883974292,0.8188611372560771,False,False,True,False,False,1,False,Uncertain,Isolation Forest detected an unusual multivariate pattern,False,False,False,None,,,,,None,False,96.23198498243914,25.0,Unusual multivariate pattern,Low,Normal,Unusual Multivariate Pattern,Unusual Multivariate Pattern
2016-09-08 08:00:00,-26.4,951.5,47.0,0 days 01:00:00,0.3000000000000007,-0.5,1.0,False,False,False,False,False,False,False,False,-26.7,-24.5,-26.4,0.0,False,False,False,False,False,False,,-26.766666666666666,0.4041451884327347,952.0,0.5000000000005581,47.0,1.0000000000000089,8,252,0.8660254037844387,-0.4999999999999998,-0.9307239310379793,-0.3657225234972692,False,0.0008770941691436662,1,,False,0.027540659790981057,-0.7969053798393657,0.08558097312081765,0.8019605821478711,False,False,False,False,False,0,False,Normal,No significant anomaly evidence detected,False,False,False,None,,,,,None,False,96.23198498243914,0.0,No significant anomaly,Normal,Normal,No Significant Anomaly,No Significant Anomaly
2016-09-08 09:00:00,-24.5,950.7,42.0,0 days 01:00:00,1.8999999999999986,-0.7999999999999545,-5.0,False,False,False,False,False,False,False,False,-26.4,-25.5,-25.5,1.0,False,False,False,False,False,False,,-25.866666666666664,1.1930353445448882,951.4,0.6557438524305862,45.0,2.645751311064594,9,252,0.7071067811865476,-0.7071067811865475,-0.9307239310379793,-0.3657225234972692,True,-0.05050639280696756,-1,,False,0.1801562184375877,-1.288907831740117,-0.4505586526066577,1.377222843697224,False,False,True,False,False,1,False,Uncertain,Isolation Forest detected an unusual multivariate pattern,False,False,False,None,,,,,None,False,96.23198498243914,25.0,Unusual multivariate pattern,Low,Normal,Unusual Multivariate Pattern,Unusual Multivariate Pattern
2016-09-08 10:00:00,-25.5,950.3,46.0,0 days 01:00:00,-1.0,-0.40000000000009095,4.0,False,False,False,False,False,False,False,False,-24.5,-23.7,-24.5,1.0,False,False,False,False,False,False,,-25.46666666666667,0.9504384952922234,950.8333333333334,0.6110100926611425,45.0,2.645751311064594,10,252,0.49999999999999994,-0.8660254037844387,-0.9307239310379793,-0.3657225234972692,True,-0.021398247167789264,-1,,False,-0.09645948160938707,-0.6329045625392397,0.3536507859845553,0.7313969478353268,False,False,True,False,False,1,False,Uncertain,Isolation Forest detected an unusual multivariate pattern,False,False,False,None,,,,,None,False,96.23198498243914,25.0,Unusual multivariate pattern,Low,Normal,Unusual Multivariate Pattern,Unusual Multivariate Pattern
2016-09-08 11:00:00,-23.7,949.1,45.0,0 days 01:00:00,1.8000000000000007,-1.1999999999999318,-1.0,False,False,False,False,False,False,False,False,-25.5,-23.9,-23.9,0.1999999999999993,False,False,False,False,False,False,,-24.566666666666666,0.9018499505645939,950.0333333333333,0.832666399786614,44.333333333333336,2.0816659994661366,11,252,0.258819045102521,-0.9659258262890682,-0.9307239310379793,-0.3657225234972692,True,-0.03925861250718754,-1,,False,0.17061774602217497,-1.9449111009411806,-0.09313223545500744,1.9546005267324496,False,False,True,False,False,1,False,Uncertain,Isolation Forest detected an unusual multivariate pattern,False,False,False,None,,,,,None,False,96.23198498243914,25.0,Unusual multivariate pattern,Low,Normal,Unusual Multivariate Pattern,Unusual Multivariate Pattern
2016-09-08 12:00:00,-23.9,948.8,44.0,0 days 01:00:00,-0.1999999999999993,-0.3000000000000682,-1.0,False,False,False,False,False,False,False,False,-23.7,-23.0,-23.7,0.1999999999999993,False,False,False,False,False,False,,-24.366666666666664,0.9865765724632649,949.4,0.7937253933195004,45.0,1.0000000000000062,12,252,1.2246467991473532e-16,-1.0,-0.9307239310379793,-0.3657225234972692,True,-0.015613506103767771,-1,,False,-0.020151702286083577,-0.4689037452389271,-0.09313223545500744,0.478487645279339,False,False,True,False,False,1,False,Uncertain,Isolation Forest detected an unusual multivariate pattern,False,False,False,None,,,,,None,False,96.23198498243914,25.0,Unusual multivariate pattern,Low,Normal,Unusual Multivariate Pattern,Unusual Multivariate Pattern
2016-09-08 13:00:00,-23.0,948.0,43.0,0 days 01:00:00,0.8999999999999986,-0.7999999999999545,-1.0,False,False,False,False,False,False,False,False,-23.9,-22.4,-23.0,0.0,False,False,False,False,False,False,,-23.53333333333333,0.47258156262530104,948.6333333333333,0.5686240703079637,44.0,1.0000000000000062,13,252,-0.2588190451025208,-0.9659258262890683,-0.9307239310379793,-0.3657225234972692,True,-0.017325113472186682,-1,,False,0.08477149428345841,-1.288907831740117,-0.09313223545500744,1.2950456433056354,False,False,True,False,False,1,False,Uncertain,Isolation Forest detected an unusual multivariate pattern,False,False,False,None,,,,,None,False,96.23198498243914,25.0,Unusual multivariate pattern,Low,Normal,Unusual Multivariate Pattern,Unusual Multivariate Pattern
2016-09-08 14:00:00,-22.4,947.5,44.0,0 days 01:00:00,0.6000000000000014,-0.5,1.0,False,False,False,False,False,False,False,False,-23.0,-23.5,-23.0,0.6000000000000014,False,False,False,False,False,False,,-23.099999999999998,0.7549834435271026,948.1,0.6557438524303868,43.666666666666664,0.577350269189637,14,252,-0.4999999999999997,-0.8660254037844388,-0.9307239310379793,-0.3657225234972692,True,-0.009515157400356355,-1,,False,0.056156077037219906,-0.7969053798393657,0.08558097312081765,0.8034524207228703,False,False,True,False,False,1,False,Uncertain,Isolation Forest detected an unusual multivariate pattern,False,False,False,None,,,,,None,False,96.23198498243914,25.0,Unusual multivariate pattern,Low,Normal,Unusual Multivariate Pattern,Unusual Multivariate Pattern
2016-09-08 15:00:00,-23.5,947.0,44.0,0 days 01:00:00,-1.1000000000000014,-0.5,0.0,False,False,False,False,False,False,False,False,-22.4,-21.8,-22.4,1.1000000000000014,False,False,False,False,False,False,,-22.96666666666667,0.5507570547286497,947.5,0.5000000000002965,43.666666666666664,0.577350269189637,15,252,-0.7071067811865471,-0.7071067811865479,-0.9307239310379793,-0.3657225234972692,True,-0.016965727076960535,-1,,False,-0.10599795402480013,-0.7969053798393657,-0.0037756311670948963,0.8039328367874254,False,False,True,False,False,1,False,Uncertain,Isolation Forest detected an unusual multivariate pattern,False,False,False,None,,,,,None,False,96.23198498243914,25.0,Unusual multivariate pattern,Low,Normal,Unusual Multivariate Pattern,Unusual Multivariate Pattern
2016-09-08 16:00:00,-21.8,946.6,38.0,0 days 01:00:00,1.6999999999999993,-0.39999999999997726,-6.0,False,False,False,False,False,False,False,False,-23.5,-24.9,-23.5,1.6999999999999993,False,False,False,False,False,False,,-22.566666666666666,0.8621678104251974,947.0333333333333,0.45092497528259373,42.0,3.4641016151377566,16,252,-0.8660254037844385,-0.5000000000000004,-0.9307239310379793,-0.3657225234972692,True,-0.04257702615288761,-1,,False,0.1610792736067619,-0.6329045625390531,-0.5399152568945702,0.8473624975746579,False,False,True,False,False,1,False,Uncertain,Isolation Forest detected an unusual multivariate pattern,False,False,False,None,,,,,None,False,96.23198498243914,25.0,Unusual multivariate pattern,Low,Normal,Unusual Multivariate Pattern,Unusual Multivariate Pattern
2016-09-08 17:00:00,-24.9,946.2,47.0,0 days 01:00:00,-3.099999999999998,-0.39999999999997726,9.0,False,False,False,False,False,False,False,False,-21.8,-20.5,-21.8,3.099999999999998,False,False,False,False,False,False,,-23.399999999999995,1.5524174696260138,946.6,0.40000000000028524,43.0,4.582575694955842,17,252,-0.9659258262890683,-0.25881904510252063,-0.9307239310379793,-0.3657225234972692,True,-0.08123448410325185,-1,,False,-0.2967674023330583,-0.6329045625390531,0.8004338074241181,1.0627009722578273,False,False,True,False,False,1,False,Uncertain,Isolation Forest detected an unusual multivariate pattern,False,False,False,None,,,,,None,False,96.23198498243914,25.0,Unusual multivariate pattern,Low,Normal,Unusual Multivariate Pattern,Unusual Multivariate Pattern
2016-09-08 18:00:00,-20.5,945.3,31.0,0 days 01:00:00,4.399999999999999,-0.900000000000091,-16.0,False,False,False,True,False,False,False,False,-24.9,-21.1,-21.1,0.6000000000000014,False,False,False,False,False,True,Temperature rate-of-change,-22.399999999999995,2.2605309110914718,946.0333333333333,0.6658328118482202,38.666666666666664,8.020806277010644,18,252,-1.0,-1.8369701987210297e-16,-0.9307239310379793,-0.3657225234972692,True,-0.13382763300317813,-1,,False,0.4186180288229109,-1.452908649040616,-1.4334812997736956,2.0835194343498435,False,True,True,False,False,2,True,Uncertain,Rule-based quality checks flagged the observation; Isolation Forest detected an unusual multivariate pattern,True,False,False,Temperature,-23.0,,,Neighbor interpolation,TEMPERATURE,True,96.23198498243914,50.0,Rapid temperature change; Unusual multivariate pattern,Medium,Monitor,Rapid Temperature Change; Unusual Multivariate Pattern,Rapid Temperature Change
2016-09-08 19:00:00,-21.1,945.5,33.0,0 days 01:00:00,-0.6000000000000014,0.20000000000004547,2.0,False,False,False,False,False,False,False,False,-20.5,-20.1,-20.5,0.6000000000000014,False,False,False,False,False,False,,-22.166666666666668,2.3860706890897787,945.6666666666666,0.47258156262573114,37.0,8.717797887081348,19,252,-0.9659258262890684,0.2588190451025203,-0.9307239310379793,-0.3657225234972692,True,-0.0849865850009709,-1,,False,-0.05830559194773549,0.35110034126263573,0.1749375774087302,0.3965780473964117,False,False,True,False,False,1,False,Uncertain,Isolation Forest detected an unusual multivariate pattern,False,False,False,None,,,,,None,False,96.23198498243914,25.0,Unusual multivariate pattern,Low,Normal,Unusual Multivariate Pattern,Unusual Multivariate Pattern
2016-09-08 20:00:00,-20.1,945.3,30.0,0 days 01:00:00,1.0,-0.20000000000004547,-3.0,False,False,False,False,False,False,False,False,-21.1,-21.2,-21.1,1.0,False,False,False,False,False,False,,-20.566666666666666,0.5033222956847698,945.3666666666667,0.11547005383998618,31.333333333333332,1.527525231651951,20,252,-0.8660254037844386,0.5000000000000001,-0.9307239310379793,-0.3657225234972692,True,-0.02571173354601053,-1,,False,0.09430996669887148,-0.30490292793861445,-0.27184544403083255,0.4192375349662798,False,False,True,False,False,1,False,Uncertain,Isolation Forest detected an unusual multivariate pattern,False,False,False,None,,,,,None,False,96.23198498243914,25.0,Unusual multivariate pattern,Low,Normal,Unusual Multivariate Pattern,Unusual Multivariate Pattern
2016-09-08 21:00:00,-21.2,945.0,31.0,0 days 01:00:00,-1.0999999999999979,-0.2999999999999545,1.0,False,False,False,False,False,False,False,False,-20.1,-20.4,-20.4,0.8000000000000007,False,False,False,False,False,False,,-20.8,0.6082762530298635,945.2666666666668,0.2516611478433529,31.333333333333332,1.527525231651951,21,252,-0.7071067811865477,0.7071067811865474,-0.9307239310379793,-0.3657225234972692,True,-0.03198322666687925,-1,,False,-0.10599795402479979,-0.4689037452387406,0.08558097312081765,0.4882933457632486,False,False,True,False,False,1,False,Uncertain,Isolation Forest detected an unusual multivariate pattern,False,False,False,None,,,,,None,False,96.23198498243914,25.0,Unusual multivariate pattern,Low,Normal,Unusual Multivariate Pattern,Unusual Multivariate Pattern
2016-09-08 22:00:00,-20.4,945.1,30.0,0 days 01:00:00,0.8000000000000007,0.10000000000002274,-1.0,False,False,False,False,False,False,False,False,-21.2,-18.8,-20.4,0.0,False,False,False,False,False,False,,-20.566666666666666,0.5686240703077794,945.1333333333333,0.152752523166935,30.333333333333332,0.5773502691896355,22,252,-0.5000000000000004,0.8660254037844384,-0.9307239310379793,-0.3657225234972692,True,-0.023117173385933,-1,,False,0.07523302186804569,0.18709952396232313,-0.09313223545500744,0.22212575881057267,False,False,True,False,False,1,False,Uncertain,Isolation Forest detected an unusual multivariate pattern,False,False,False,None,,,,,None,False,96.23198498243914,25.0,Unusual multivariate pattern,Low,Normal,Unusual Multivariate Pattern,Unusual Multivariate Pattern
2016-09-08 23:00:00,-18.8,944.9,27.0,0 days 01:00:00,1.5999999999999979,-0.20000000000004547,-3.0,False,False,False,False,False,False,False,False,-20.4,-17.7,-18.8,0.0,False,False,False,False,False,False,,-20.133333333333333,1.2220201853215806,945.0,0.10000000000295019,29.333333333333332,2.081665999466135,23,252,-0.25881904510252157,0.9659258262890681,-0.9307239310379793,-0.3657225234972692,True,-0.05030704907247896,-1,0.03222220648453092,False,0.15154080119134886,-0.30490292793861445,-0.27184544403083255,0.43569525511712465,False,False,True,False,False,1,False,Uncertain,Isolation Forest detected an unusual multivariate pattern,False,False,False,None,,,,,None,False,96.23198498243914,25.0,Unusual multivariate pattern,Low,Normal,Unusual Multivariate Pattern,Unusual Multivariate Pattern
2016-09-09 00:00:00,-17.7,944.9,25.0,0 days 01:00:00,1.1000000000000014,0.0,-2.0,False,False,False,False,False,False,False,False,-18.8,-21.0,-18.8,1.1000000000000014,False,False,False,False,False,False,,-18.96666666666667,1.3576941236277786,944.9666666666667,0.1154700538405523,27.333333333333332,2.5166114784235845,0,253,0.0,1.0,-0.9368813462954315,-0.34964745525122826,True,-0.05009361931373768,-1,0.034322977330434684,False,0.10384843911428454,0.0230987066620106,-0.18248883974292,0.21123499990921962,False,False,True,False,False,1,False,Uncertain,Isolation Forest detected an unusual multivariate pattern,False,False,False,None,,,,,None,False,96.23198498243914,25.0,Unusual multivariate pattern,Low,Normal,Unusual Multivariate Pattern,Unusual Multivariate Pattern
2016-09-09 01:00:00,-21.0,944.9,34.0,0 days 01:00:00,-3.3000000000000007,0.0,9.0,False,False,False,False,False,False,False,False,-17.7,-22.2,-21.0,0.0,False,False,False,False,False,False,,-19.166666666666668,1.6802777548171624,944.9,0.0,28.666666666666668,4.725815626252608,1,253,0.25881904510252074,0.9659258262890683,-0.9368813462954315,-0.34964745525122826,True,-0.09104242520461381,-1,0.03707618962691099,False,-0.3158443471638845,0.0230987066620106,0.8004338074241181,0.8608051358770509,False,False,True,False,False,1,False,Uncertain,Isolation Forest detected an unusual multivariate pattern,False,False,False,None,,,,,None,False,96.23198498243914,25.0,Unusual multivariate pattern,Low,Normal,Unusual Multivariate Pattern,Unusual Multivariate Pattern
2016-09-09 02:00:00,-22.2,944.7,34.0,0 days 01:00:00,-1.1999999999999993,-0.1999999999999318,0.0,False,False,False,False,False,False,False,False,-21.0,-22.8,-22.2,0.0,False,False,False,False,False,False,,-20.3,2.330236039546223,944.8333333333334,0.11547005384066716,31.0,5.196152422706631,2,253,0.49999999999999994,0.8660254037844387,-0.9368813462954315,-0.34964745525122826,True,-0.06527398131525197,-1,0.03991845974382633,False,-0.11553642644021285,-0.30490292793842805,-0.0037756311670948963,0.3260808437959993,False,False,True,False,False,1,False,Uncertain,Isolation Forest detected an unusual multivariate pattern,False,False,False,None,,,,,None,False,96.23198498243914,25.0,Unusual multivariate pattern,Low,Normal,Unusual Multivariate Pattern,Unusual Multivariate Pattern
2016-09-09 03:00:00,-22.8,944.5,35.0,0 days 01:00:00,-0.6000000000000014,-0.20000000000004547,1.0,False,False,False,False,False,False,False,False,-22.2,-22.3,-22.3,0.5,False,False,False,False,False,False,,-22.0,0.9165151389912017,944.6999999999999,0.20000000000163237,34.333333333333336,0.5773502691896216,3,253,0.7071067811865476,0.7071067811865476,-0.9368813462954315,-0.34964745525122826,True,-0.029173183689019333,-1,0.038876882566947386,False,-0.05830559194773549,-0.30490292793861445,0.08558097312081765,0.32200844783673277,False,False,True,False,False,1,False,Uncertain,Isolation Forest detected an unusual multivariate pattern,False,False,False,None,,,,,None,False,96.23198498243914,25.0,Unusual multivariate pattern,Low,Normal,Unusual Multivariate Pattern,Unusual Multivariate Pattern
2016-09-09 04:00:00,-22.3,944.8,35.0,0 days 01:00:00,0.5,0.2999999999999545,0.0,False,False,False,False,False,False,False,False,-22.8,-20.8,-22.3,0.0,False,False,False,False,False,False,,-22.433333333333337,0.3214550253665278,944.6666666666666,0.15275252316733812,34.666666666666664,0.5773502691896216,4,253,0.8660254037844386,0.5000000000000001,-0.9368813462954315,-0.34964745525122826,True,-0.017997952015277763,-1,0.038691739952560714,False,0.04661760462180684,0.5151011585627617,-0.0037756311670948963,0.5172201272225245,False,False,True,False,False,1,False,Uncertain,Isolation Forest detected an unusual multivariate pattern,False,False,False,None,,,,,None,False,96.23198498243914,25.0,Unusual multivariate pattern,Low,Normal,Unusual Multivariate Pattern,Unusual Multivariate Pattern
2016-09-09 05:00:00,-20.8,945.0,28.0,0 days 01:00:00,1.5,0.20000000000004547,-7.0,False,False,False,False,False,False,False,False,-22.3,-21.4,-21.4,0.5999999999999979,False,False,False,False,False,False,,-21.96666666666667,1.0408329997330963,944.7666666666668,0.251661147843607,32.666666666666664,4.041451884327379,5,253,0.9659258262890683,0.25881904510252074,-0.9368813462954315,-0.34964745525122826,True,-0.06343664539581195,-1,0.044208698000591254,False,0.14200232877593613,0.35110034126263573,-0.6292718611824828,0.7344516228374707,False,False,True,False,False,1,False,Uncertain,Isolation Forest detected an unusual multivariate pattern,False,False,False,None,,,,,None,False,96.23198498243914,25.0,Unusual multivariate pattern,Low,Normal,Unusual Multivariate Pattern,Unusual Multivariate Pattern
2016-09-09 06:00:00,-21.4,945.6,31.0,0 days 01:00:00,-0.5999999999999979,0.6000000000000227,3.0,False,False,False,False,False,False,False,False,-20.8,-20.4,-20.8,0.5999999999999979,False,False,False,False,False,False,,-21.5,0.7549834435271181,945.1333333333333,0.41633319989388895,31.333333333333332,3.511884584284243,6,253,1.0,6.123233995736766e-17,-0.9368813462954315,-0.34964745525122826,True,-0.03691812082202328,-1,0.04395805821530077,False,-0.05830559194773516,1.0071036104636995,0.26429418169664276,1.0428368226813305,False,False,True,False,False,1,False,Uncertain,Isolation Forest detected an unusual multivariate pattern,False,False,False,None,,,,,None,False,96.23198498243914,25.0,Unusual multivariate pattern,Low,Normal,Unusual Multivariate Pattern,Unusual Multivariate Pattern
2016-09-09 07:00:00,-20.4,946.4,29.0,0 days 01:00:00,1.0,0.7999999999999545,-2.0,False,False,False,False,False,False,False,False,-21.4,-19.8,-20.4,0.0,False,False,False,False,False,False,,-20.866666666666664,0.503322295684788,945.6666666666666,0.7023769168570959,29.333333333333332,1.5275252316519385,7,253,0.9659258262890683,-0.25881904510252063,-0.9368813462954315,-0.34964745525122826,True,-0.03287099916546454,-1,0.04606993778570126,False,0.09430996669887148,1.335105245064138,-0.18248883974292,1.350815517325453,False,False,True,False,False,1,False,Uncertain,Isolation Forest detected an unusual multivariate pattern,False,False,False,None,,,,,None,False,96.23198498243914,25.0,Unusual multivariate pattern,Low,Normal,Unusual Multivariate Pattern,Unusual Multivariate Pattern
2016-09-09 08:00:00,-19.8,946.1,31.0,0 days 01:00:00,0.5999999999999979,-0.2999999999999545,2.0,False,False,False,False,False,False,False,False,-20.4,-19.8,-19.8,0.0,False,False,False,False,False,False,,-20.533333333333335,0.8082903768655231,946.0333333333333,0.40414518843306546,30.333333333333332,1.1547005383792415,8,253,0.8660254037844387,-0.4999999999999998,-0.9368813462954315,-0.34964745525122826,True,-0.015530370526076864,-1,0.04423684844741047,False,0.056156077037219566,-0.4689037452387406,0.1749375774087302,0.5036143199679328,False,False,True,False,False,1,False,Uncertain,Isolation Forest detected an unusual multivariate pattern,False,False,False,None,,,,,None,False,96.23198498243914,25.0,Unusual multivariate pattern,Low,Normal,Unusual Multivariate Pattern,Unusual Multivariate Pattern
2016-09-09 09:00:00,-19.8,946.7,32.0,0 days 01:00:00,0.0,0.6000000000000227,1.0,False,False,False,False,False,False,False,False,-19.8,-17.8,-19.8,0.0,False,False,False,False,False,False,,-20.0,0.34641016151390003,946.4000000000001,0.30000000000034127,30.666666666666668,1.5275252316519385,9,253,0.7071067811865476,-0.7071067811865475,-0.9368813462954315,-0.34964745525122826,False,0.0030618539123182242,1,0.040809172901873504,False,-0.0010747574552577909,1.0071036104636995,0.08558097312081765,1.0107338622371929,False,False,False,False,False,0,False,Normal,No significant anomaly evidence detected,False,False,False,None,,,,,None,False,96.23198498243914,0.0,No significant anomaly,Normal,Normal,No Significant Anomaly,No Significant Anomaly
2016-09-09 10:00:00,-17.8,947.4,34.0,0 days 01:00:00,2.0,0.6999999999999318,2.0,False,False,False,False,False,False,False,False,-19.8,-19.4,-19.4,1.5999999999999979,False,False,False,False,False,False,,-19.133333333333333,1.1547005383792968,946.7333333333332,0.6506407098648849,32.333333333333336,1.527525231651937,10,253,0.49999999999999994,-0.8660254037844387,-0.9368813462954315,-0.34964745525122826,True,-0.03160941451806876,-1,0.038975612859649865,False,0.18969469085300075,1.1711044277638256,0.1749375774087302,1.1991967363429108,False,False,True,False,False,1,False,Uncertain,Isolation Forest detected an unusual multivariate pattern,False,False,False,None,,,,,None,False,96.23198498243914,25.0,Unusual multivariate pattern,Low,Normal,Unusual Multivariate Pattern,Unusual Multivariate Pattern
2016-09-09 11:00:00,-19.4,947.2,33.0,0 days 01:00:00,-1.5999999999999979,-0.1999999999999318,-1.0,False,False,False,False,False,False,False,False,-17.8,-20.5,-19.4,0.0,False,False,False,False,False,False,,-19.0,1.0583005244258863,947.1,0.36055512754664765,33.0,0.999999999999984,11,253,0.258819045102521,-0.9659258262890682,-0.9368813462954315,-0.34964745525122826,True,-0.02538933043571534,-1,0.03711145237346777,False,-0.15369031610186443,-0.30490292793842805,-0.09313223545500744,0.3539210674850597,False,False,True,False,False,1,False,Uncertain,Isolation Forest detected an unusual multivariate pattern,False,False,False,None,,,,,None,False,96.23198498243914,25.0,Unusual multivariate pattern,Low,Normal,Unusual Multivariate Pattern,Unusual Multivariate Pattern
2016-09-09 12:00:00,-20.5,948.0,36.0,0 days 01:00:00,-1.1000000000000014,0.7999999999999545,3.0,False,False,False,False,False,False,False,False,-19.4,-23.1,-20.5,0.0,False,False,False,False,False,False,,-19.233333333333334,1.3576941236277913,947.5333333333333,0.41633319989349743,34.333333333333336,1.5275252316519352,12,253,1.2246467991473532e-16,-1.0,-0.9368813462954315,-0.34964745525122826,True,-0.03349928759726595,-1,0.03686793135670821,False,-0.10599795402480013,1.335105245064138,0.26429418169664276,1.365134790463533,False,False,True,False,False,1,False,Uncertain,Isolation Forest detected an unusual multivariate pattern,False,False,False,None,,,,,None,False,96.23198498243914,25.0,Unusual multivariate pattern,Low,Normal,Unusual Multivariate Pattern,Unusual Multivariate Pattern
2016-09-09 13:00:00,-23.1,947.5,36.0,0 days 01:00:00,-2.6000000000000014,-0.5,0.0,False,False,False,False,False,False,False,False,-20.5,-22.4,-22.4,0.7000000000000028,False,False,False,False,False,False,,-21.0,1.9000000000000226,947.5666666666666,0.40414518843301617,35.0,1.732050807568867,13,253,-0.2588190451025208,-0.9659258262890683,-0.9368813462954315,-0.34964745525122826,True,-0.05717893062964119,-1,0.04040392571520244,False,-0.24907504025599406,-0.7969053798393657,-0.0037756311670948963,0.8349316232399865,False,False,True,False,False,1,False,Uncertain,Isolation Forest detected an unusual multivariate pattern,False,False,False,None,,,,,None,False,96.23198498243914,25.0,Unusual multivariate pattern,Low,Normal,Unusual Multivariate Pattern,Unusual Multivariate Pattern
2016-09-09 14:00:00,-22.4,946.9,40.0,0 days 01:00:00,0.7000000000000028,-0.6000000000000227,4.0,False,False,False,False,False,False,False,False,-23.1,-22.1,-22.4,0.0,False,False,False,False,False,False,,-22.0,1.3453624047073982,947.4666666666667,0.5507570547288205,37.333333333333336,2.3094010767584945,14,253,-0.4999999999999997,-0.8660254037844388,-0.9368813462954315,-0.34964745525122826,True,-0.028121262184907403,-1,0.044783868411484344,False,0.06569454945263296,-0.9609061971396783,0.3536507859845553,1.0260240601256465,False,False,True,False,False,1,False,Uncertain,Isolation Forest detected an unusual multivariate pattern,False,False,False,None,,,,,None,False,96.23198498243914,25.0,Unusual multivariate pattern,Low,Normal,Unusual Multivariate Pattern,Unusual Multivariate Pattern
2016-09-09 15:00:00,-22.1,946.2,40.0,0 days 01:00:00,0.29999999999999716,-0.6999999999999318,0.0,False,False,False,False,False,False,False,False,-22.4,-22.2,-22.2,0.09999999999999787,False,False,False,False,False,False,,-22.53333333333333,0.5131601439447527,946.8666666666667,0.6506407098647699,38.666666666666664,2.3094010767584945,15,253,-0.7071067811865471,-0.7071067811865479,-0.9368813462954315,-0.34964745525122826,True,-0.009435707972179852,-1,0.0440423318596846,False,0.027540659790980717,-1.1249070144398043,-0.0037756311670948963,1.1252504318898555,False,False,True,False,False,1,False,Uncertain,Isolation Forest detected an unusual multivariate pattern,False,False,False,None,,,,,None,False,96.23198498243914,25.0,Unusual multivariate pattern,Low,Normal,Unusual Multivariate Pattern,Unusual Multivariate Pattern
2016-09-09 16:00:00,-22.2,946.5,39.0,0 days 01:00:00,-0.09999999999999787,0.2999999999999545,-1.0,False,False,False,False,False,False,False,False,-22.1,41.6,-22.1,0.09999999999999787,False,False,False,False,False,False,,-22.233333333333334,0.15275252316542218,946.5333333333333,0.3511884584282697,39.666666666666664,0.577350269189594,16,253,-0.8660254037844385,-0.5000000000000004,-0.9368813462954315,-0.34964745525122826,True,-0.003390422409077831,-1,0.04696896411309993,False,-0.010613229870670515,0.5151011585627617,-0.09313223545500744,0.5235603666071698,False,False,True,False,False,1,False,Uncertain,Isolation Forest detected an unusual multivariate pattern,False,False,False,None,,,,,None,False,96.23198498243914,25.0,Unusual multivariate pattern,Low,Normal,Unusual Multivariate Pattern,Unusual Multivariate Pattern
2016-09-09 17:00:00,41.6,946.7,100.0,0 days 01:00:00,63.8,0.20000000000004547,61.0,False,False,False,True,False,True,False,True,-22.2,-17.8,-17.8,59.400000000000006,True,False,False,False,False,True,Temperature rate-of-change; Humidity rate-of-change; Temperature spike,-0.8999999999999986,36.80611362260352,946.4666666666667,0.25166114784211235,59.666666666666664,34.93326972004386,17,253,-0.9659258262890683,-0.25881904510252063,-0.9368813462954315,-0.34964745525122826,True,-0.18827457971687755,-1,1.5367222004668766,True,6.0844706435781895,0.35110034126263573,5.446977230395571,8.17395959193874,True,True,True,True,True,4,True,Likely Sensor/Data Fault,"Rule-based quality checks flagged the observation; Isolation Forest detected an unusual multivariate pattern; LSTM detected an abnormal temporal pattern; Temperature, pressure and humidity changes were inconsistent",True,False,True,"Temperature, Relative Humidity",-20.0,,38.0,Neighbor interpolation,"TEMPERATURE, HUMIDITY",True,96.23198498243914,100.0,Rapid temperature change; Rapid humidity change; Temperature spike; Unusual multivariate pattern; Abnormal temporal pattern; T/P/RH inconsistency,Critical,Inspection Recommended,Rapid Temperature Change; Rapid Humidity Change; Temperature Spike; Multivariate T/P/RH Inconsistency; Abnormal Temporal Pattern; Unusual Multivariate Pattern,Multiple Parameter Rapid Changes
2016-09-09 18:00:00,-17.8,946.8,37.0,0 days 01:00:00,-59.400000000000006,0.09999999999990905,-63.0,False,False,False,True,False,True,False,True,41.6,-18.4,-17.8,0.0,False,False,False,False,False,True,Temperature rate-of-change; Humidity rate-of-change,0.533333333333335,35.63275646555194,946.6666666666666,0.15275252316494078,58.666666666666664,35.809682117177935,18,253,-1.0,-1.8369701987210297e-16,-0.9368813462954315,-0.34964745525122826,True,-0.18169652219081645,-1,1.2892463139633508,True,-5.666927372210537,0.1870995239621367,-5.633241701305585,7.9926518840184775,True,True,True,True,True,4,True,Likely Sensor/Data Fault,"Rule-based quality checks flagged the observation; Isolation Forest detected an unusual multivariate pattern; LSTM detected an abnormal temporal pattern; Temperature, pressure and humidity changes were inconsistent",True,False,True,"Temperature, Relative Humidity",11.600000000000001,,70.0,Neighbor interpolation,"TEMPERATURE, HUMIDITY",True,96.23198498243914,100.0,Rapid temperature change; Rapid humidity change; Unusual multivariate pattern; Abnormal temporal pattern; T/P/RH inconsistency,Critical,Inspection Recommended,Rapid Temperature Change; Rapid Humidity Change; Multivariate T/P/RH Inconsistency; Abnormal Temporal Pattern; Unusual Multivariate Pattern,Multiple Parameter Rapid Changes
2016-09-09 19:00:00,-18.4,947.7,40.0,0 days 01:00:00,-0.5999999999999979,0.900000000000091,3.0,False,False,False,False,False,False,False,False,-17.8,-18.6,-18.4,0.0,False,False,False,False,False,False,,1.8000000000000018,34.46911661183095,947.0666666666667,0.5507570547285539,59.0,35.53871128783372,19,253,-0.9659258262890684,0.2588190451025203,-0.9368813462954315,-0.34964745525122826,True,-0.13283602238857117,-1,1.2937825245547074,True,-0.05830559194773516,1.499106062364637,0.26429418169664276,1.5233417025570728,False,False,True,True,False,2,True,Uncertain,Isolation Forest detected an unusual multivariate pattern; LSTM detected an abnormal temporal pattern,False,False,False,None,,,,,None,False,96.23198498243914,50.0,Unusual multivariate pattern; Abnormal temporal pattern,Medium,Monitor,Abnormal Temporal Pattern; Unusual Multivariate Pattern,Abnormal Temporal Pattern
2016-09-09 20:00:00,-18.6,948.5,45.0,0 days 01:00:00,-0.20000000000000284,0.7999999999999545,5.0,False,False,False,False,False,False,False,False,-18.4,-18.5,-18.5,0.10000000000000142,False,False,False,False,False,False,,-18.266666666666666,0.41633319989367507,947.6666666666666,0.8504900548115194,40.666666666666664,4.041451884327353,20,253,-0.8660254037844386,0.5000000000000001,-0.9368813462954315,-0.34964745525122826,True,-0.012677345734773637,-1,1.328389219017783,True,-0.020151702286083917,1.335105245064138,0.4430073902724678,1.4068289357056962,False,False,True,True,False,2,True,Uncertain,Isolation Forest detected an unusual multivariate pattern; LSTM detected an abnormal temporal pattern,False,False,False,None,,,,,None,False,96.23198498243914,50.0,Unusual multivariate pattern; Abnormal temporal pattern,Medium,Monitor,Abnormal Temporal Pattern; Unusual Multivariate Pattern,Abnormal Temporal Pattern
2016-09-09 21:00:00,-18.5,949.0,43.0,0 days 01:00:00,0.10000000000000142,0.5,-2.0,False,False,False,False,False,False,False,False,-18.6,-18.3,-18.5,0.0,False,False,False,False,False,False,,-18.5,0.10000000000188354,948.4000000000001,0.6557438524302154,42.666666666666664,2.5166114784235414,21,253,-0.7071067811865477,0.7071067811865474,-0.9368813462954315,-0.34964745525122826,False,0.010915918718845008,1,1.3650243931668373,True,0.008463714960155272,0.8431027931633869,-0.18248883974292,0.8626680305549456,False,False,False,True,False,1,False,Uncertain,LSTM detected an abnormal temporal pattern,False,False,False,None,,,,,None,False,96.23198498243914,25.0,Abnormal temporal pattern,Low,Normal,Abnormal Temporal Pattern,Abnormal Temporal Pattern
2016-09-09 22:00:00,-18.3,949.4,41.0,0 days 01:00:00,0.1999999999999993,0.39999999999997726,-2.0,False,False,False,False,False,False,False,False,-18.5,-18.1,-18.3,0.0,False,False,False,False,False,False,,-18.466666666666665,0.1527525231664275,948.9666666666666,0.45092497528234454,43.0,1.9999999999999485,22,253,-0.5000000000000004,0.8660254037844384,-0.9368813462954315,-0.34964745525122826,False,0.015843135879751002,1,1.3858772448104344,True,0.018002187375567996,0.6791019758630743,-0.18248883974292,0.7034243022544456,False,False,False,True,False,1,False,Uncertain,LSTM detected an abnormal temporal pattern,False,False,False,None,,,,,None,False,96.23198498243914,25.0,Abnormal temporal pattern,Low,Normal,Abnormal Temporal Pattern,Abnormal Temporal Pattern
2016-09-09 23:00:00,-18.1,949.9,41.0,0 days 01:00:00,0.1999999999999993,0.5,0.0,False,False,False,False,False,False,False,False,-18.3,-18.3,-18.3,0.1999999999999993,False,False,False,False,False,False,,-18.3,0.20000000000094176,949.4333333333333,0.450924975282271,41.666666666666664,1.1547005383791618,23,253,-0.25881904510252157,0.9659258262890681,-0.9368813462954315,-0.34964745525122826,False,0.020316562731748644,1,1.38370165733663,True,0.018002187375567996,0.8431027931633869,-0.0037756311670948963,0.8433034175081469,False,False,False,True,False,1,False,Uncertain,LSTM detected an abnormal temporal pattern,False,False,False,None,,,,,None,False,96.23198498243914,25.0,Abnormal temporal pattern,Low,Normal,Abnormal Temporal Pattern,Abnormal Temporal Pattern
2016-09-10 00:00:00,-18.3,951.3,43.0,0 days 01:00:00,-0.1999999999999993,1.3999999999999773,2.0,False,False,False,False,False,False,False,False,-18.1,-17.7,-18.1,0.1999999999999993,False,False,False,False,False,False,,-18.233333333333334,0.11547005383955763,950.1999999999999,0.9848857801795059,41.666666666666664,1.1547005383791618,0,254,0.0,1.0,-0.9427611433904206,-0.33346877891818705,True,-0.0022376194605733257,-1,1.3702946426389357,True,-0.020151702286083577,2.319110148865827,0.1749375774087302,2.3257861315407187,False,False,True,True,False,2,True,Uncertain,Isolation Forest detected an unusual multivariate pattern; LSTM detected an abnormal temporal pattern,False,False,False,None,,,,,None,False,96.23198498243914,50.0,Unusual multivariate pattern; Abnormal temporal pattern,Medium,Monitor,Abnormal Temporal Pattern; Unusual Multivariate Pattern,Abnormal Temporal Pattern
2016-09-10 01:00:00,-17.7,952.1,34.0,0 days 01:00:00,0.6000000000000014,0.8000000000000682,-9.0,False,False,False,False,False,False,False,False,-18.3,-18.0,-18.0,0.3000000000000007,False,False,False,False,False,False,,-18.03333333333333,0.30550504633100845,951.1,1.113552872565801,39.333333333333336,4.725815626252587,1,254,0.25881904510252074,0.9659258262890683,-0.9427611433904206,-0.33346877891818705,True,-0.014954491476468212,-1,1.3665732201159693,True,0.056156077037219906,1.3351052450643246,-0.8079850697583078,1.5615695288199043,False,False,True,True,False,2,True,Uncertain,Isolation Forest detected an unusual multivariate pattern; LSTM detected an abnormal temporal pattern,False,False,False,None,,,,,None,False,96.23198498243914,50.0,Unusual multivariate pattern; Abnormal temporal pattern,Medium,Monitor,Abnormal Temporal Pattern; Unusual Multivariate Pattern,Abnormal Temporal Pattern
2016-09-10 02:00:00,-18.0,953.2,37.0,0 days 01:00:00,-0.3000000000000007,1.1000000000000227,3.0,False,False,False,False,False,False,False,False,-17.7,-17.8,-17.8,0.1999999999999993,False,False,False,False,False,False,,-18.0,0.3000000000006304,952.1999999999999,0.953939201416436,38.0,4.582575694955819,2,254,0.49999999999999994,0.8660254037844387,-0.9427611433904206,-0.33346877891818705,False,0.009206477323900841,1,1.3586852457267973,True,-0.029690174701496645,1.8271076969650757,0.26429418169664276,1.846362764264251,False,False,False,True,False,1,False,Uncertain,LSTM detected an abnormal temporal pattern,False,False,False,None,,,,,None,False,96.23198498243914,25.0,Abnormal temporal pattern,Low,Normal,Abnormal Temporal Pattern,Abnormal Temporal Pattern
2016-09-10 03:00:00,-17.8,954.2,36.0,0 days 01:00:00,0.1999999999999993,1.0,-1.0,False,False,False,False,False,False,False,False,-18.0,-18.0,-18.0,0.1999999999999993,False,False,False,False,False,False,,-17.833333333333332,0.1527525231664327,953.1666666666666,1.0503967504385219,35.666666666666664,1.5275252316518841,3,254,0.7071067811865476,0.7071067811865476,-0.9427611433904206,-0.33346877891818705,False,0.021041396527085254,1,1.3557455070643758,True,0.018002187375567996,1.6631068796647632,-0.09313223545500744,1.6658097686168782,False,False,False,True,False,1,False,Uncertain,LSTM detected an abnormal temporal pattern,False,False,False,None,,,,,None,False,96.23198498243914,25.0,Abnormal temporal pattern,Low,Normal,Abnormal Temporal Pattern,Abnormal Temporal Pattern
2016-09-10 04:00:00,-18.0,954.9,37.0,0 days 01:00:00,-0.1999999999999993,0.6999999999999318,1.0,False,False,False,False,False,False,False,False,-17.8,-18.3,-18.0,0.0,False,False,False,False,False,False,,-17.933333333333334,0.1154700538395581,954.1,0.8544003745305785,36.666666666666664,0.5773502691894632,4,254,0.8660254037844386,0.5000000000000001,-0.9427611433904206,-0.33346877891818705,False,0.028539681955635554,1,1.351608656751931,True,-0.020151702286083577,1.1711044277638256,0.08558097312081765,1.1744001765979817,False,False,False,True,False,1,False,Uncertain,LSTM detected an abnormal temporal pattern,False,False,False,None,,,,,None,False,96.23198498243914,25.0,Abnormal temporal pattern,Low,Normal,Abnormal Temporal Pattern,Abnormal Temporal Pattern
2016-09-10 05:00:00,-18.3,956.1,39.0,0 days 01:00:00,-0.3000000000000007,1.2000000000000455,2.0,False,False,False,False,False,False,False,False,-18.0,-18.9,-18.3,0.0,False,False,False,False,False,False,,-18.03333333333333,0.2516611478431052,955.0666666666666,0.9609023536920958,37.333333333333336,1.5275252316518841,5,254,0.9659258262890683,0.25881904510252074,-0.9427611433904206,-0.33346877891818705,False,0.010038980709082046,1,1.3530987649010386,True,-0.029690174701496645,1.9911085142653882,0.1749375774087302,1.998999194107782,False,False,False,True,False,1,False,Uncertain,LSTM detected an abnormal temporal pattern,False,False,False,None,,,,,None,False,96.23198498243914,25.0,Abnormal temporal pattern,Low,Normal,Abnormal Temporal Pattern,Abnormal Temporal Pattern
2016-09-10 06:00:00,-18.9,956.6,42.0,0 days 01:00:00,-0.5999999999999979,0.5,3.0,False,False,False,False,False,False,False,False,-18.3,-19.1,-18.9,0.0,False,False,False,False,False,False,,-18.400000000000002,0.4582575694959893,955.8666666666667,0.8736894948039163,39.333333333333336,2.5166114784235436,6,254,1.0,6.123233995736766e-17,-0.9427611433904206,-0.33346877891818705,False,0.0171378785357007,1,1.3553944223461305,True,-0.05830559194773516,0.8431027931633869,0.26429418169664276,0.885479122493003,False,False,False,True,False,1,False,Uncertain,LSTM detected an abnormal temporal pattern,False,False,False,None,,,,,None,False,96.23198498243914,25.0,Abnormal temporal pattern,Low,Normal,Abnormal Temporal Pattern,Abnormal Temporal Pattern
2016-09-10 07:00:00,-19.1,957.7,42.0,0 days 01:00:00,-0.20000000000000284,1.1000000000000227,0.0,False,False,False,False,False,False,False,False,-18.9,-19.1,-19.1,0.0,False,False,False,False,False,False,,-18.766666666666666,0.4163331998936712,956.8000000000001,0.818535277185505,41.0,1.7320508075688188,7,254,0.9659258262890683,-0.25881904510252063,-0.9427611433904206,-0.33346877891818705,False,0.02408591106206942,1,1.3623267807993975,True,-0.020151702286083917,1.8271076969650757,-0.0037756311670948963,1.827222723918669,False,False,False,True,False,1,False,Uncertain,LSTM detected an abnormal temporal pattern,False,False,False,None,,,,,None,False,96.23198498243914,25.0,Abnormal temporal pattern,Low,Normal,Abnormal Temporal Pattern,Abnormal Temporal Pattern
2016-09-10 08:00:00,-19.1,958.5,41.0,0 days 01:00:00,0.0,0.7999999999999545,-1.0,False,False,False,False,False,False,False,False,-19.1,-17.5,-19.1,0.0,False,False,False,False,False,False,,-19.03333333333333,0.1154700538395221,957.6,0.9539392014153982,41.666666666666664,0.5773502691894493,8,254,0.8660254037844387,-0.4999999999999998,-0.9427611433904206,-0.33346877891818705,False,0.031079008848347356,1,1.3716629802498266,True,-0.0010747574552577909,1.335105245064138,-0.09313223545500744,1.338350022894686,False,False,False,True,False,1,False,Uncertain,LSTM detected an abnormal temporal pattern,False,False,False,None,,,,,None,False,96.23198498243914,25.0,Abnormal temporal pattern,Low,Normal,Abnormal Temporal Pattern,Abnormal Temporal Pattern
2016-09-10 09:00:00,-17.5,959.1,35.0,0 days 01:00:00,1.6000000000000014,0.6000000000000227,-6.0,False,False,False,False,False,False,False,False,-19.1,-17.7,-17.7,0.1999999999999993,False,False,False,False,False,False,,-18.566666666666666,0.9237604307036009,958.4333333333334,0.702376916854734,39.333333333333336,3.7859388972001566,9,254,0.7071067811865476,-0.7071067811865475,-0.9427611433904206,-0.33346877891818705,False,0.017960246267771984,1,1.3853159327580022,True,0.1515408011913492,1.0071036104636995,-0.5399152568945702,1.1527058520118065,False,False,False,True,False,1,False,Uncertain,LSTM detected an abnormal temporal pattern,False,False,False,None,,,,,None,False,96.23198498243914,25.0,Abnormal temporal pattern,Low,Normal,Abnormal Temporal Pattern,Abnormal Temporal Pattern
2016-09-10 10:00:00,-17.7,959.4,34.0,0 days 01:00:00,-0.1999999999999993,0.2999999999999545,-1.0,False,False,False,False,False,False,False,False,-17.5,-17.6,-17.6,0.09999999999999787,False,False,False,False,False,False,,-18.099999999999998,0.8717797887083447,959.0,0.4582575694922965,36.666666666666664,3.7859388972001566,10,254,0.49999999999999994,-0.8660254037844387,-0.9427611433904206,-0.33346877891818705,False,0.05468100800792469,1,1.3920129358726092,True,-0.020151702286083577,0.5151011585627617,-0.09313223545500744,0.5238405367462251,False,False,False,True,False,1,False,Uncertain,LSTM detected an abnormal temporal pattern,False,False,False,None,,,,,None,False,96.23198498243914,25.0,Abnormal temporal pattern,Low,Normal,Abnormal Temporal Pattern,Abnormal Temporal Pattern
2016-09-10 11:00:00,-17.6,959.4,36.0,0 days 01:00:00,0.09999999999999787,0.0,2.0,False,False,False,False,False,False,False,False,-17.7,-18.5,-17.7,0.09999999999999787,False,False,False,False,False,False,,-17.599999999999998,0.10000000000179972,959.2999999999998,0.17320508074819146,35.0,0.9999999999998979,11,254,0.258819045102521,-0.9659258262890682,-0.9427611433904206,-0.33346877891818705,False,0.059717276620667836,1,1.3809078172794367,True,0.008463714960154934,0.0230987066620106,0.1749375774087302,0.17665882573486058,False,False,False,True,False,1,False,Uncertain,LSTM detected an abnormal temporal pattern,False,False,False,None,,,,,None,False,96.23198498243914,25.0,Abnormal temporal pattern,Low,Normal,Abnormal Temporal Pattern,Abnormal Temporal Pattern
2016-09-10 12:00:00,-18.5,959.7,40.0,0 days 01:00:00,-0.8999999999999986,0.3000000000000682,4.0,False,False,False,False,False,False,False,False,-17.6,-19.6,-18.5,0.0,False,False,False,False,False,False,,-17.933333333333334,0.49328828623199017,959.5,0.17320508074838836,36.666666666666664,3.0550504633038607,12,254,1.2246467991473532e-16,-1.0,-0.9427611433904206,-0.33346877891818705,False,0.045491599363984336,1,1.3553287978796655,True,-0.08692100919397401,0.5151011585629482,0.3536507859845553,0.630835433230953,False,False,False,True,False,1,False,Uncertain,LSTM detected an abnormal temporal pattern,False,False,False,None,,,,,None,False,96.23198498243914,25.0,Abnormal temporal pattern,Low,Normal,Abnormal Temporal Pattern,Abnormal Temporal Pattern
2016-09-10 13:00:00,-19.6,959.9,46.0,0 days 01:00:00,-1.1000000000000014,0.1999999999999318,6.0,False,False,False,False,False,False,False,False,-18.5,-19.4,-19.4,0.20000000000000284,False,False,False,False,False,False,,-18.566666666666666,1.001665280087962,959.6666666666666,0.25166114783661214,40.666666666666664,5.0332229568471485,13,254,-0.2588190451025208,-0.9659258262890683,-0.9427611433904206,-0.33346877891818705,False,0.026216148806091244,1,1.3012222285777677,True,-0.10599795402480013,0.35110034126244927,0.5323639945603804,0.6464661155825081,False,False,False,True,False,1,False,Uncertain,LSTM detected an abnormal temporal pattern,False,False,False,None,,,,,None,False,96.23198498243914,25.0,Abnormal temporal pattern,Low,Normal,Abnormal Temporal Pattern,Abnormal Temporal Pattern
2016-09-10 14:00:00,-19.4,959.5,45.0,0 days 01:00:00,0.20000000000000284,-0.39999999999997726,-1.0,False,False,False,False,False,False,False,False,-19.6,-19.3,-19.4,0.0,False,False,False,False,False,False,,-19.166666666666664,0.5859465277085433,959.6999999999999,0.19999999999278095,43.666666666666664,3.214550253664292,14,254,-0.4999999999999997,-0.8660254037844388,-0.9427611433904206,-0.33346877891818705,False,0.05678883948923957,1,1.2482775745513963,True,0.018002187375568336,-0.6329045625390531,-0.09313223545500744,0.6399733410962539,False,False,False,True,False,1,False,Uncertain,LSTM detected an abnormal temporal pattern,False,False,False,None,,,,,None,False,96.23198498243914,25.0,Abnormal temporal pattern,Low,Normal,Abnormal Temporal Pattern,Abnormal Temporal Pattern
2016-09-10 15:00:00,-19.3,959.3,45.0,0 days 01:00:00,0.09999999999999787,-0.20000000000004547,0.0,False,False,False,False,False,False,False,False,-19.4,-19.9,-19.4,0.09999999999999787,False,False,False,False,False,False,,-19.433333333333334,0.15275252316639606,959.5666666666666,0.30550504632556663,45.333333333333336,0.5773502691894832,15,254,-0.7071067811865471,-0.7071067811865479,-0.9427611433904206,-0.33346877891818705,False,0.05668377556811194,1,1.2032337027462605,True,0.008463714960154934,-0.30490292793861445,-0.0037756311670948963,0.3050437433011479,False,False,False,True,False,1,False,Uncertain,LSTM detected an abnormal temporal pattern,False,False,False,None,,,,,None,False,96.23198498243914,25.0,Abnormal temporal pattern,Low,Normal,Abnormal Temporal Pattern,Abnormal Temporal Pattern
2016-09-10 16:00:00,-19.9,958.9,46.0,0 days 01:00:00,-0.5999999999999979,-0.39999999999997726,1.0,False,False,False,False,False,False,False,False,-19.3,-20.6,-19.9,0.0,False,False,False,False,False,False,,-19.53333333333333,0.3214550253670038,959.2333333333332,0.305505046325303,45.333333333333336,0.5773502691894832,16,254,-0.8660254037844385,-0.5000000000000004,-0.9427611433904206,-0.33346877891818705,False,0.04447150012714529,1,1.1848983319859239,True,-0.05830559194773516,-0.6329045625390531,0.08558097312081765,0.641320380383652,False,False,False,True,False,1,False,Uncertain,LSTM detected an abnormal temporal pattern,False,False,False,None,,,,,None,False,96.23198498243914,25.0,Abnormal temporal pattern,Low,Normal,Abnormal Temporal Pattern,Abnormal Temporal Pattern
2016-09-10 17:00:00,-20.6,958.7,48.0,0 days 01:00:00,-0.7000000000000028,-0.1999999999999318,2.0,False,False,False,False,False,False,False,False,-19.9,-21.1,-20.6,0.0,False,False,False,False,False,False,,-19.933333333333334,0.650640709865058,958.9666666666666,0.3055050463250053,46.333333333333336,1.5275252316518917,17,254,-0.9659258262890683,-0.25881904510252063,-0.9427611433904206,-0.33346877891818705,False,0.04047431655206979,1,0.022153578777436303,False,-0.06784406436314856,-0.30490292793842805,0.1749375774087302,0.35801084972996666,False,False,False,False,False,0,False,Normal,No significant anomaly evidence detected,False,False,False,None,,,,,None,False,96.23198498243914,0.0,No significant anomaly,Normal,Normal,No Significant Anomaly,No Significant Anomaly
2016-09-10 18:00:00,-21.1,958.3,47.0,0 days 01:00:00,-0.5,-0.40000000000009095,-1.0,False,False,False,False,False,False,False,False,-20.6,-21.9,-21.1,0.0,False,False,False,False,False,False,,-20.53333333333333,0.6027713773344884,958.6333333333333,0.3055050463247417,47.0,0.9999999999999147,18,254,-1.0,-1.8369701987210297e-16,-0.9427611433904206,-0.33346877891818705,False,0.032747869092815185,1,0.021392640329790897,False,-0.048767119532322434,-0.6329045625392397,-0.09313223545500744,0.6415762078750373,False,False,False,False,False,0,False,Normal,No significant anomaly evidence detected,False,False,False,None,,,,,None,False,96.23198498243914,0.0,No significant anomaly,Normal,Normal,No Significant Anomaly,No Significant Anomaly
2016-09-10 19:00:00,-21.9,957.9,46.0,0 days 01:00:00,-0.7999999999999972,-0.39999999999997726,-1.0,False,False,False,False,False,False,False,False,-21.1,-22.7,-21.9,0.0,False,False,False,False,False,False,,-21.2,0.6557438524304968,958.3000000000001,0.39999999999540703,47.0,0.9999999999999147,19,254,-0.9659258262890684,0.2588190451025203,-0.9427611433904206,-0.33346877891818705,False,0.021549888838860942,1,0.02141447867705315,False,-0.07738253677856094,-0.6329045625390531,-0.09313223545500744,0.6443833141553889,False,False,False,False,False,0,False,Normal,No significant anomaly evidence detected,False,False,False,None,,,,,None,False,96.23198498243914,0.0,No significant anomaly,Normal,Normal,No Significant Anomaly,No Significant Anomaly
2016-09-10 20:00:00,-22.7,957.6,51.0,0 days 01:00:00,-0.8000000000000007,-0.2999999999999545,5.0,False,False,False,False,False,False,False,False,-21.9,-23.0,-22.7,0.0,False,False,False,False,False,False,,-21.899999999999995,0.8000000000002496,957.9333333333334,0.3511884584227056,48.0,2.6457513110645583,20,254,-0.8660254037844386,0.5000000000000001,-0.9427611433904206,-0.33346877891818705,False,0.011018564172238565,1,0.022230306839442753,False,-0.07738253677856129,-0.4689037452387406,0.4430073902724678,0.6497032608300698,False,False,False,False,False,0,False,Normal,No significant anomaly evidence detected,False,False,False,None,,,,,None,False,96.23198498243914,0.0,No significant anomaly,Normal,Normal,No Significant Anomaly,No Significant Anomaly
2016-09-10 21:00:00,-23.0,957.1,49.0,0 days 01:00:00,-0.3000000000000007,-0.5,-2.0,False,False,False,False,False,False,False,False,-22.7,-23.9,-23.0,0.0,False,False,False,False,False,False,,-22.53333333333333,0.5686240703080949,957.5333333333333,0.40414518842735486,48.666666666666664,2.5166114784235494,21,254,-0.7071067811865477,0.7071067811865474,-0.9427611433904206,-0.33346877891818705,False,0.024513962853655202,1,0.022577666027402493,False,-0.029690174701496645,-0.7969053798393657,-0.18248883974292,0.818072042989764,False,False,False,False,False,0,False,Normal,No significant anomaly evidence detected,False,False,False,None,,,,,None,False,96.23198498243914,0.0,No significant anomaly,Normal,Normal,No Significant Anomaly,No Significant Anomaly
2016-09-10 22:00:00,-23.9,956.5,51.0,0 days 01:00:00,-0.8999999999999986,-0.6000000000000227,2.0,False,False,False,False,False,False,False,False,-23.0,-24.9,-23.9,0.0,False,False,False,False,False,False,,-23.2,0.6244997998401747,957.0666666666666,0.5507570547244031,50.333333333333336,1.1547005383791795,22,254,-0.5000000000000004,0.8660254037844384,-0.9427611433904206,-0.33346877891818705,False,0.007061987256609059,1,0.023166620284738617,False,-0.08692100919397401,-0.9609061971396783,0.1749375774087302,0.9805606240974459,False,False,False,False,False,0,False,Normal,No significant anomaly evidence detected,False,False,False,None,,,,,None,False,96.23198498243914,0.0,No significant anomaly,Normal,Normal,No Significant Anomaly,No Significant Anomaly
2016-09-10 23:00:00,-24.9,955.9,51.0,0 days 01:00:00,-1.0,-0.6000000000000227,0.0,False,False,False,False,False,False,False,False,-23.9,-25.1,-24.9,0.0,False,False,False,False,False,False,,-23.933333333333326,0.9504384952924395,956.5,0.5999999999958675,50.333333333333336,1.1547005383791795,23,254,-0.25881904510252157,0.9659258262890681,-0.9427611433904206,-0.33346877891818705,True,-0.005195372387533426,-1,0.023573422141912145,False,-0.09645948160938707,-0.9609061971396783,-0.0037756311670948963,0.9657429299169111,False,False,True,False,False,1,False,Uncertain,Isolation Forest detected an unusual multivariate pattern,False,False,False,None,,,,,None,False,96.23198498243914,25.0,Unusual multivariate pattern,Low,Normal,Unusual Multivariate Pattern,Unusual Multivariate Pattern
